id;name;file;file_content_type
1;website Legacy payment;../fake-data/blob/hipster.png;image/png
2;Wooden;../fake-data/blob/hipster.png;image/png
3;U.S. synthesizing port;../fake-data/blob/hipster.png;image/png
4;Bacon Intelligent Fresh;../fake-data/blob/hipster.png;image/png
5;integrated;../fake-data/blob/hipster.png;image/png
6;Savings;../fake-data/blob/hipster.png;image/png
7;withdrawal Avon;../fake-data/blob/hipster.png;image/png
8;Analyst bypass Response;../fake-data/blob/hipster.png;image/png
9;optimizing Integration Program;../fake-data/blob/hipster.png;image/png
10;deposit end-to-end orchid;../fake-data/blob/hipster.png;image/png
