id;first_name;last_name;gender;email;phone;address_line_1;address_line_2;city;country
1;Shea;Bashirian;FEMALE;"9@w-Z.LA\L8";795.454.5672;invoice;Dinar Card;Fort Collins;Switzerland
2;Asha;Towne;FEMALE;"Qb;*qE@FQ.`C~D";1-362-214-4336 x62797;synergistic pixel;withdrawal Refined benchmark;Fort Smith;Iceland
3;Marina;Rolfson;OTHER;"Y@H./x`8p";467-863-7691 x58777;AGP didactic front-end;Marketing Industrial;Anabelburgh;Morocco
4;Dortha;Haag;OTHER;"<@B4'q.L{pQVE";239-361-3838;FTP;invoice;North Maximo;Argentina
5;Nya;Dietrich;OTHER;"\]SPu}@vFf0}.UCr%";783-924-0702;Israeli;Dollar Ball Unbranded;Klingtown;Fiji
6;Darren;Reynolds;OTHER;"Dj|90l@=#P!bt.4_:";943-248-8882 x2571;pixel Consultant Gloves;matrices Fresh;East Vanmouth;Cayman Islands
7;Augustus;Rogahn;MALE;"mQ+=0z@#>8_.!.6!Us";612-576-3331 x712;Concrete;Kong Card Implementation;Mesa;China
8;Tito;Greenfelder;FEMALE;"jep@?abS{.L_%D";851.291.3958;Flat Clothing programming;Hryvnia Frozen;Sierraborough;Dominica
9;Hobart;Kemmer;OTHER;"b?Q@h)Hn0.v-=l>";529.351.4881 x7602;Response utilisation Bike;Gorgeous Factors;Lake Elenor;Tanzania
10;Delpha;Stroman;MALE;"k]@\xX.x/l!";983-835-9020 x53362;interface Investment rich;Chair optimize;Port Moriah;Nigeria
